pklt_nm,pklt_knd_nm,tpkct,add_crg_std,add_crg_std_filled,is_add_crg_imputed,lat,lot,addr
15-가600구간,노상 주차장,1.0,,400.0,True,37.54841,127.15158,강동구 명일동 583-0
21-37,노외 주차장,13.0,,400.0,True,37.5122807,127.0855986,송파구 잠실동 348-0
BYC,노상 주차장,1.0,500.0,500.0,False,37.4753253,126.8863954,금천구 가산동 371-57
KBS별관뒤 노상주차장,노상 주차장,1.0,1000.0,1000.0,False,37.5267088,126.9238,영등포구 여의도동 4-5
KBS별관옆 노상주차장,노상 주차장,1.0,1000.0,1000.0,False,37.5267088,126.9238,영등포구 여의도동 4-4
KBS본관 앞 노상주차장,노상 주차장,1.0,1000.0,1000.0,False,37.5267088,126.9238,영등포구 여의도동 1-7
KBS본관뒤,노상 주차장,1.0,1000.0,1000.0,False,37.5267088,126.9238,영등포구 여의도동 1-9
LG텔레콤,노상 주차장,1.0,,400.0,True,37.4753253,126.8863954,금천구 가산동 60-36
MBC방송국뒤 노상주차장,노상 주차장,1.0,1000.0,1000.0,False,37.5267088,126.9238,영등포구 여의도동 3-1
SJ테크노빌,노상 주차장,1.0,,400.0,True,37.4753253,126.8863954,금천구 가산동 60-19
舊MBC뒤,노상 주차장,2.0,1000.0,1000.0,False,37.5267088,126.9238,영등포구 여의도동 3-0
가든예식장 앞 노상주차장,노상 주차장,2.0,1000.0,1000.0,False,37.5267088,126.9238,영등포구 여의도동 2-5
가락 1공영주차장,노외 주차장,48.0,500.0,500.0,False,37.49672,127.11744,송파구 가락동 98-1
가락 2공영주차장,노외 주차장,84.0,500.0,500.0,False,37.49672,127.11744,송파구 가락동 80-2
가로공원 지하 주차장,노외 주차장,512.0,200.0,200.0,False,37.54208,126.84656,강서구 화곡동 662-15
가로공원공영주차장,노외 주차장,376.0,300.0,300.0,False,37.52782,126.83692,양천구 신월동 263-0
가마산고가밑 공영주차장,노상 주차장,18.0,240.0,240.0,False,37.492864515,126.882595635,구로구 구로동 414-13
가산동 공영주차장,노외 주차장,130.0,130.0,130.0,False,37.4753253,126.8863954,금천구 가산동 148-28
가산동 금천교 공영주차장,노상 주차장,37.0,400.0,400.0,False,37.46592765,126.8871008,금천구 가산동 691-3
가산디지털 서측,노외 주차장,160.0,300.0,300.0,False,37.4753253,126.8863954,금천구 가산동 505-3
가산디지털환승,노상 주차장,1.0,,400.0,True,37.4753253,126.8863954,금천구 가산동 35-2
가산중뒤,노상 주차장,1.0,,400.0,True,37.468399,126.8979571,금천구 독산동 300-21
가산중앞,노상 주차장,1.0,,400.0,True,37.468399,126.8979571,금천구 독산동 300-26
가양3동 공영주차장,노외 주차장,56.0,400.0,400.0,False,37.56033753,126.85977547,강서구 가양동 1488-12
가양3동 황금내공원길,노상 주차장,1.0,200.0,200.0,False,37.5663502,126.8525524,강서구 가양동 1485-0
가양라이품 공영주차장,노외 주차장,38.0,400.0,400.0,False,37.57155732,126.84165292,강서구 가양동 1457-1
가양역 공영주차장,노외 주차장,79.0,640.0,640.0,False,37.56332959,126.85308175,강서구 가양동 1480-10
가오리 공영주차장,노외 주차장,120.0,300.0,300.0,False,37.6352212,127.0090642,강북구 수유동 349-3
가오천 노상공영주차장,노상 주차장,1.0,400.0,400.0,False,37.6352212,127.0090642,강북구 수유동 181-40
가재울 공영주차장,노외 주차장,121.0,300.0,300.0,False,37.63793,127.07251,노원구 하계동 252-6
간송옛집 공영주차장,노외 주차장,15.0,,400.0,True,37.66442,127.03333,도봉구 방학동 58-10
갈현1동공영주차장,노외 주차장,61.0,200.0,200.0,False,37.62058,126.91102,은평구 갈현동 9-112
강남구 개포동 1-1,노외 주차장,1.0,,400.0,True,37.48421,127.07006,강남구 개포동 1-1
강남대로150길,노상 주차장,1.0,1600.0,1600.0,False,37.5123018,127.0294935,강남구 논현동 280-1
강남세곡체육공원,노외 주차장,60.0,400.0,400.0,False,37.4708898,127.1033677,강남구 세곡동 1-7
강남치매지원센터 공영주차장,노외 주차장,90.0,800.0,800.0,False,37.5147838,127.0543618,강남구 삼성동 113-26
강남한티주차장,노외 주차장,20.0,1000.0,1000.0,False,37.49988,127.03856,강남구 역삼동 765-16
강변(건물) 공영주차장,노외 주차장,99.0,,400.0,True,37.5435,127.03742,성동구 성수동1가 366-1
강일동 주차장,노외 주차장,90.0,300.0,300.0,False,37.56723,127.1713,강동구 강일동 665-4
개봉1동 노외주차장,노외 주차장,134.0,200.0,200.0,False,37.4931629,126.851736,구로구 개봉동 134-8
개봉1동마을공동주차장,노외 주차장,56.0,100.0,100.0,False,37.4931629,126.851736,구로구 개봉동 416-2
개봉고가 공영주차장,노외 주차장,20.0,200.0,200.0,False,37.4931629,126.851736,구로구 개봉동 403-10
개운산,노외 주차장,11.0,300.0,300.0,False,37.59631,127.03333,성북구 종암동 54-182
개운산공영주차장,노외 주차장,26.0,,400.0,True,37.5887938,127.0300906,성북구 안암동5가 1-95
개포동공원 공영주차장,노외 주차장,145.0,400.0,400.0,False,37.48421,127.07006,강남구 개포동 183-2
개화산역 공영주차장,노외 주차장,320.0,580.0,580.0,False,37.57224302,126.80518976,강서구 방화동 845-0
개화역 공영주차장,노외 주차장,483.0,580.0,580.0,False,37.57798421,126.79821222,강서구 개화동 664-0
거여동(기계식),노외 주차장,123.0,100.0,100.0,False,37.48921,127.14667,송파구 거여동 33-16
건영백화점앞,노외 주차장,137.0,500.0,500.0,False,37.64802,127.07678,노원구 중계동 507-0
견인보관소,노외 주차장,40.0,500.0,500.0,False,37.58773,127.06526,동대문구 휘경동 361-0
견인보관소 노외,노외 주차장,55.0,300.0,300.0,False,37.4753253,126.8863954,금천구 가산동 614-34
경남 공영주차장,노상 주차장,1.0,500.0,500.0,False,37.5550711,126.9238244,마포구 서교동 376-5
경도상가앞 노상주차장,노상 주차장,1.0,1000.0,1000.0,False,37.5267088,126.9238,영등포구 여의도동 44-0
경동고,노외 주차장,122.0,300.0,300.0,False,37.58635,127.01311,성북구 삼선동3가 43-1
경동고 공영주차장,노외 주차장,123.0,300.0,300.0,False,37.58635,127.01311,성북구 삼선동3가 43-1
경창시장 고객주차장,노외 주차장,32.0,,400.0,True,37.52782,126.83692,양천구 신월동 446-3
경호빌딩앞 노상주차장,노상 주차장,1.0,1000.0,1000.0,False,37.5267088,126.9238,영등포구 여의도동 25-0
고분다리 전통시장 공영주차장,노외 주차장,26.0,300.0,300.0,False,37.54294,127.12733,강동구 천호동 280-9
고분다리전통시장 주차장,노외 주차장,26.0,300.0,300.0,False,37.54294,127.12733,강동구 천호동 280-9
고척1동마을공동주차장,노외 주차장,125.0,200.0,200.0,False,37.5032363,126.8588409,구로구 고척동 52-54
고척근린공원지하주차장,노외 주차장,199.0,300.0,300.0,False,37.5032363,126.8588409,구로구 고척동 9-14
고척리본타운,노외 주차장,66.0,,400.0,True,37.5032363,126.8588409,구로구 고척동 156-0
고척리본타운주차장,노외 주차장,66.0,300.0,300.0,False,37.5032363,126.8588409,구로구 고척동 156
곰달래 문화복지센터 공영주차장,노외 주차장,248.0,,400.0,True,37.54208,126.84656,강서구 화곡동 890-0
곰달래로5길 노상,노상 주차장,1.0,300.0,300.0,False,37.52782,126.83692,양천구 신월동 126-36
곰달래주차장,노외 주차장,106.0,100.0,100.0,False,37.52782,126.83692,양천구 신월동 226-9
공덕1-1 공영주차장,노외 주차장,77.0,166.66666666666669,166.66666666666669,False,37.549927,126.9592897,마포구 공덕동 11-243
공항2임시,노외 주차장,75.0,,400.0,True,37.5556799,126.7931257,강서구 공항동 703-0
공항동(송정역),노외 주차장,11.0,,400.0,True,37.5556799,126.7931257,강서구 공항동 42-8
관악신사시장 공영주차장,노외 주차장,13.0,300.0,300.0,False,37.4868971,126.928177,관악구 신림동 494-37
관악초 공영주차장,노외 주차장,151.0,,400.0,True,37.484665,126.9484961,관악구 봉천동 920-0
관철동 공영주차장,노상 주차장,7.0,860.0,860.0,False,37.56843983,126.98628105,종로구 관철동 13-14
광장공영주차장,노외 주차장,42.0,,400.0,True,37.53608,126.87585,양천구 목동 907-19
광장주차장,노외 주차장,42.0,300.0,300.0,False,37.53608,126.87585,양천구 목동 907-19
광진광장 공영주차장,노외 주차장,33.0,,400.0,True,37.5532345,127.071936,광진구 군자동 374-9
광화문빌딩,노상 주차장,1.0,1000.0,1000.0,False,37.5716796,126.9739063,종로구 당주동 40-9
교남 공영주차장,노외 주차장,30.0,600.0,600.0,False,37.57425,126.96215,종로구 행촌동 1-53
교대역동측주차장,노외 주차장,26.0,800.0,800.0,False,37.48818,127.01751,서초구 서초동 1673-7
교보생명옆 노상주차장,노상 주차장,1.0,300.0,300.0,False,37.5224036,126.89391,영등포구 당산동2가 21-26
교육청길 공영주차장,노상 주차장,1.0,400.0,400.0,False,37.628995,127.0257543,강북구 미아동 137-19
교통공원길,노상 주차장,1.0,,400.0,True,37.5184928,127.1030779,송파구 신천동 10-2
교통공원길(B) 노상공영주차장,노상 주차장,1.0,500.0,500.0,False,37.5184928,127.1030779,송파구 신천동 7-21
교통공원길(C) 노상공영주차장,노상 주차장,1.0,500.0,500.0,False,37.5184928,127.1030779,송파구 신천동 7-21
교통광장 공영주차장,노외 주차장,158.0,400.0,400.0,False,37.6575291,127.0089505,강북구 우이동 265-0
구로2동 소공원 공영주차장,노외 주차장,104.0,300.0,300.0,False,37.4945849,126.8845477,구로구 구로동 454-1
구로3동 마을공동주차장,노외 주차장,20.0,100.0,100.0,False,37.4945849,126.8845477,구로구 구로동 797-1
구로3동마을주차장,노외 주차장,20.0,100.0,100.0,False,37.4945849,126.8845477,구로구 구로동 797-1
구로4동 마을공동 주차장,노외 주차장,194.0,200.0,200.0,False,37.4945849,126.8845477,구로구 구로동 741-27
구로5동마을공동주차장,노외 주차장,77.0,200.0,200.0,False,37.4945849,126.8845477,구로구 구로동 549-73
구로구 개봉동 60-95,노외 주차장,7.0,,400.0,True,37.4931629,126.851736,구로구 개봉동 60-95
구로리공원지하주차장,노외 주차장,203.0,300.0,300.0,False,37.4945849,126.8845477,구로구 구로동 139-82
구로미래도서관 공영주차장,노외 주차장,52.0,300.0,300.0,False,37.4945849,126.8845477,구로구 구로동 1-4
구로아트밸리 지하주차장,노외 주차장,243.0,300.0,300.0,False,37.4945849,126.8845477,구로구 구로동 102-0
구룡 공영주차장,노외 주차장,22.0,130.0,130.0,False,37.468399,126.8979571,금천구 독산동 964-0
구룡공영주차빌딩,노외 주차장,107.0,300.0,300.0,False,37.46838,127.0361,서초구 양재동 301-6
구룡공원 공영주차장,노외 주차장,131.0,300.0,300.0,False,37.46838,127.0361,서초구 양재동 399-0
구룡산제1호,노외 주차장,91.0,400.0,400.0,False,37.48421,127.07006,강남구 개포동 567-23
구룡산제2호,노외 주차장,127.0,400.0,400.0,False,37.48421,127.07006,강남구 개포동 126-2
구름다리주차장,노외 주차장,52.0,100.0,100.0,False,37.52782,126.83692,양천구 신월동 915-4
구릉공영 주차장,노외 주차장,20.0,300.0,300.0,False,37.4955756,126.9195788,동작구 신대방동 351-14
구릉주차장,노외 주차장,22.0,300.0,300.0,False,37.4955756,126.9195788,동작구 신대방동 351-14
구산동 마을공원 지하 공동주차장,노외 주차장,37.0,200.0,200.0,False,37.6122812,126.9082658,은평구 구산동 340-1
구산동 마을공원 지하공동주차장,노외 주차장,77.0,,400.0,True,37.6122812,126.9082658,은평구 구산동 340-1
구암길,노상 주차장,1.0,,400.0,True,37.5498936,126.86025,강서구 등촌동 709-16
구의1동 공영주차장,노외 주차장,172.0,400.0,400.0,False,37.54417,127.09262,광진구 구의동 243-78
구의2동 주택가 공영주차장,노외 주차장,90.0,,400.0,True,37.54417,127.09262,광진구 구의동 30-10
구의3동 공영주차장,노외 주차장,159.0,300.0,300.0,False,37.54417,127.09262,광진구 구의동 219-15
구청사주변,노상 주차장,1.0,500.0,500.0,False,37.66727,127.07242,노원구 상계동 739-2
구청앞,노상 주차장,1.0,500.0,500.0,False,37.6352212,127.0090642,강북구 수유동 191-1
구파발역 공영주차장,노외 주차장,399.0,480.0,480.0,False,37.638209,126.918987,은평구 진관동 70-1
국도화학,노상 주차장,1.0,500.0,500.0,False,37.4753253,126.8863954,금천구 가산동 345-26
국민은행앞 노상주차장,노상 주차장,1.0,1000.0,1000.0,False,37.5267088,126.9238,영등포구 여의도동 15-22
국민일보사옥앞,노상 주차장,3.0,1000.0,1000.0,False,37.5267088,126.9238,영등포구 여의도동 1-2
국민일보사옥앞 노상주차장,노상 주차장,1.0,1000.0,1000.0,False,37.5267088,126.9238,영등포구 여의도동 12-0
금남시장 공영주차장,노외 주차장,11.0,,400.0,True,37.54998,127.02213,성동구 금호동3가 294-0
기륭전자,노상 주차장,1.0,,400.0,True,37.4753253,126.8863954,금천구 가산동 219-7
길음역환승주차장,노외 주차장,147.0,300.0,300.0,False,37.60444,127.03764,성북구 하월곡동 104-112
까치공원공영주차장,노외 주차장,90.0,200.0,200.0,False,37.58178,127.09034,중랑구 면목동 570-0
까치산 전통시장 고객주차장,노외 주차장,19.0,500.0,500.0,False,37.54208,126.84656,강서구 화곡동 342-16
깨비시장 고객주차장,노외 주차장,54.0,,400.0,True,37.53608,126.87585,양천구 목동 614-3
꿈나무길 노상공영주차장,노상 주차장,1.0,,400.0,True,37.5498936,126.86025,강서구 등촌동 709-16
낙산 공영주차장,노외 주차장,50.0,400.0,400.0,False,37.57595,127.01313,종로구 창신동 23-343
낙성대 제2공영주차장,노상 주차장,1.0,,400.0,True,37.484665,126.9484961,관악구 봉천동 220-8
낙성대제2공영,노상 주차장,1.0,,400.0,True,37.484665,126.9484961,관악구 봉천동 220-8
난곡스마트 공영주차장,노외 주차장,117.0,,400.0,True,37.4868971,126.928177,관악구 신림동 646-172
난지중앙로노상공영주차장,노상 주차장,31.0,300.0,300.0,False,37.5691472,126.8804551,마포구 상암동 481-94
남가좌2동 제1공영주차장,노외 주차장,12.0,300.0,300.0,False,37.57744,126.9179,서대문구 남가좌동 64-8
남가좌2동 제2공영주차장,노외 주차장,12.0,300.0,300.0,False,37.57744,126.9179,서대문구 남가좌동 3-75
남부골목 전통시장 고객주차장,노외 주차장,17.0,500.0,500.0,False,37.54208,126.84656,강서구 화곡동 797-7
남부순환로397길,노상 주차장,1.0,600.0,600.0,False,37.49882,127.06566,강남구 대치동 600-13
남부여성발전센터 공영주차장,노외 주차장,128.0,240.0,240.0,False,37.462917,126.905718,금천구 시흥동 139-2
남부초 공영주차장,노외 주차장,134.0,,400.0,True,37.4868971,126.928177,관악구 신림동 467-0
남부초등학교(지하주차장),노외 주차장,135.0,300.0,300.0,False,37.4868971,126.928177,관악구 신림동 467-0
남산동 공영주차장,노외 주차장,48.0,600.0,600.0,False,37.55841,126.98532,중구 남산동2가 30-4
남산케이블카 공영주차장,노상 주차장,21.0,660.0,660.0,False,37.55592104,126.98384264,중구 회현동1가 1-19
남산파출소 공영주차장,노상 주차장,14.0,680.0,680.0,False,37.55489261,126.98190801,중구 회현동1가 1-16
남산파출소공영주차장,노외 주차장,13.0,660.0,660.0,False,37.55689,126.98138,중구 회현동1가 1-16
남성사계시장공영주차장,노외 주차장,18.0,600.0,600.0,False,37.4856963,126.9723525,동작구 사당동 139-67
남성역공영주차장,노외 주차장,80.0,350.0,350.0,False,37.4856963,126.9723525,동작구 사당동 318-12
남현소공원 공영주차장,노외 주차장,97.0,800.0,800.0,False,37.4715479,126.9764934,관악구 남현동 1063-1
내곡동 (임시) 공영주차장,노외 주차장,80.0,200.0,200.0,False,37.44505,127.05985,서초구 신원동 80-80
냉천길 공영주차장,노외 주차장,104.0,400.0,400.0,False,37.628995,127.0257543,강북구 미아동 756-1
노량진역공영주차장,노외 주차장,13.0,200.0,200.0,False,37.5110101,126.9414634,동작구 노량진동 60-12
노원세무서 앞 공영주차장,노상 주차장,1.0,,400.0,True,37.64643,127.04326,도봉구 창동 15-0
논현로22길,노외 주차장,97.0,400.0,400.0,False,37.48421,127.07006,강남구 개포동 1266-0
논현로28길 노상공영 주차장,노상 주차장,1.0,600.0,600.0,False,37.4878395,127.0438569,강남구 도곡동 524-0
논현로32길15 공영주차장,노외 주차장,16.0,600.0,600.0,False,37.4878395,127.0438569,강남구 도곡동 516-2
논현초교 공영주차장,노외 주차장,192.0,600.0,600.0,False,37.5123018,127.0294935,강남구 논현동 168-0
놀이마당,노외 주차장,17.0,,400.0,True,37.5122807,127.0855986,송파구 잠실동 47-0
누리 공영주차장,노외 주차장,19.0,,400.0,True,37.5162407,126.8521196,양천구 신정동 323-13
늘봄주차장,노외 주차장,72.0,200.0,200.0,False,37.58178,127.09034,중랑구 면목동 22-12
능골주차장,노외 주차장,61.0,100.0,100.0,False,37.52782,126.83692,양천구 신월동 152-38
능동공영주차장,노외 주차장,77.0,400.0,400.0,False,37.55444,127.08156,광진구 능동 205-0
다동공원 제4부지 공영주차장,노외 주차장,15.0,800.0,800.0,False,37.56749,126.98075,중구 다동 39-3
다락골주차장,노외 주차장,102.0,100.0,100.0,False,37.5162407,126.8521196,양천구 신정동 1158-1
다목적 공영주차장,노외 주차장,46.0,130.0,130.0,False,37.468399,126.8979571,금천구 독산동 971-0
달마을주차장,노외 주차장,30.0,100.0,100.0,False,37.53608,126.87585,양천구 목동 532-18
답십리2동 노외주차장(홍약국옆),노외 주차장,58.0,500.0,500.0,False,37.57002,127.05467,동대문구 답십리동 36-12
당고개위 공영주차장,노상 주차장,23.0,520.0,520.0,False,37.670443129999995,127.08058642,노원구 상계동 111-568
당곡주차장,노외 주차장,45.0,100.0,100.0,False,37.52782,126.83692,양천구 신월동 482-11
당산1동공영,노외 주차장,91.0,200.0,200.0,False,37.52616,126.89724,영등포구 당산동3가 6-1
당산2동,노외 주차장,31.0,300.0,300.0,False,37.5346241,126.9065487,영등포구 당산동 121-105
당산고가밑 공영주차장,노상 주차장,23.0,520.0,520.0,False,37.53239477,126.90068662,영등포구 당산동5가 9-15
당산근린공원 공영,노외 주차장,190.0,300.0,300.0,False,37.52616,126.89724,영등포구 당산동3가 385-0
당산노외공영주차장,노외 주차장,236.0,520.0,520.0,False,37.52625065,126.89945376,영등포구 당산동3가 2-1
당인 유료 주차장,노상 주차장,1.0,600.0,600.0,False,37.5477846,126.9095636,마포구 합정동 362-1
당인노상공영주차장,노상 주차장,1.0,600.0,600.0,False,37.5477846,126.9095636,마포구 합정동 362-5
대림1동공영,노외 주차장,155.0,200.0,200.0,False,37.4957573,126.899936,영등포구 대림동 834-1
대림2동공영,노외 주차장,151.0,100.0,100.0,False,37.4957573,126.899936,영등포구 대림동 1072-25
대림3동 공영주차장,노외 주차장,99.0,100.0,100.0,False,37.4957573,126.899936,영등포구 대림동 745-1
대림노외공영주차장,노외 주차장,93.0,520.0,520.0,False,37.4928472,126.89433148,구로구 구로동 120-5
대림역,노상 주차장,1.0,520.0,520.0,False,37.4957573,126.899936,영등포구 대림동 808-8
대림역 공영주차장,노상 주차장,18.0,520.0,520.0,False,37.493081185,126.89539544,영등포구 대림동 808-24
대림역2 공영주차장,노상 주차장,35.0,520.0,520.0,False,37.49583349,126.89369871,구로구 구로동 73-9
대림운동장,노외 주차장,192.0,100.0,100.0,False,37.4957573,126.899936,영등포구 대림동 780-0
대방생태공영주차장,노외 주차장,39.0,300.0,300.0,False,37.5067997,126.9291349,동작구 대방동 395-1
대왕초 공영주차장,노외 주차장,100.0,200.0,200.0,False,37.4708898,127.1033677,강남구 세곡동 517-0
대지시장길 공영주차장,노외 주차장,47.0,400.0,400.0,False,37.628995,127.0257543,강북구 미아동 703-8
대청역 공영주차장,노외 주차장,168.0,200.0,200.0,False,37.48421,127.07006,강남구 개포동 13-2
대치2문화센터 공영주차장,노외 주차장,159.0,600.0,600.0,False,37.49882,127.06566,강남구 대치동 980-9
대치동507-3,노상 주차장,5.0,1200.0,1200.0,False,37.49882,127.06566,강남구 대치동 507-3
대치유수지,노상 주차장,5.0,800.0,800.0,False,37.49882,127.06566,강남구 대치동 78-29
대현산배수지 주차장,노외 주차장,5.0,300.0,300.0,False,37.55286,127.02393,성동구 금호동1가 103-0
대흥공영주차장,노외 주차장,20.0,500.0,500.0,False,37.5510043,126.9419496,마포구 대흥동 73-27
덕성엔앰피,노상 주차장,5.0,,400.0,True,37.4753253,126.8863954,금천구 가산동 345-15
덕원주차장,노외 주차장,77.0,500.0,500.0,False,37.57105,127.06806,동대문구 장안동 458-8
도곡로 327 공영주차장,노외 주차장,17.0,800.0,800.0,False,37.49988,127.03856,강남구 역삼동 765-22
도곡로 421 공영주차장,노외 주차장,27.0,800.0,800.0,False,37.49882,127.06566,강남구 대치동 939-21
도곡로21길 7 공영주차장,노외 주차장,75.0,800.0,800.0,False,37.49988,127.03856,강남구 역삼동 795-25
도곡초 공영주차장,노외 주차장,200.0,600.0,600.0,False,37.49882,127.06566,강남구 대치동 924-10
도깨비시장 공영주차장,노외 주차장,81.0,200.0,200.0,False,37.66442,127.03333,도봉구 방학동 632-1
도림고가 노상주차장,노상 주차장,1.0,200.0,200.0,False,37.51217,126.89799,영등포구 문래동1가 39-1
도림동 공영주차장,노외 주차장,26.0,100.0,100.0,False,37.5082619,126.8993866,영등포구 도림동 226-13
도봉2동 6공영주차장,노외 주차장,13.0,,400.0,True,37.6826056,127.0425405,도봉구 도봉동 59-1
도봉산 공영주차장,노외 주차장,135.0,340.0,340.0,False,37.6876442,127.04066026,도봉구 도봉동 282-26
도봉산역 공영주차장,노외 주차장,358.0,340.0,340.0,False,37.68972069,127.04483862,도봉구 도봉동 288-19
도산대로25길 32 공영주차장,노외 주차장,26.0,800.0,800.0,False,37.5223206,127.0277019,강남구 신사동 564-0
도선동(지하) 공영주차장,노외 주차장,190.0,200.0,200.0,False,37.5660138,127.0327281,성동구 홍익동 369-0
독산2동 공영주차장,노외 주차장,70.0,250.0,250.0,False,37.468399,126.8979571,금천구 독산동 1050-17
독산2동 지평식주차장4,노외 주차장,7.0,,400.0,True,37.4753253,126.8863954,금천구 가산동 1031-12
독산3동 공영주차장,노외 주차장,50.0,130.0,130.0,False,37.468399,126.8979571,금천구 독산동 898-24
독산4동 공영주차장,노외 주차장,63.0,130.0,130.0,False,37.468399,126.8979571,금천구 독산동 187-40
독산동 금천교 공영주차장,노상 주차장,21.0,800.0,800.0,False,37.46658655,126.88993519,금천구 독산동 1081-4
돈화문로 공영주차장,노상 주차장,48.0,1500.0,1500.0,False,37.5647315,126.992846,중구 을지로3가 296-24
동교동 노상공영주차장,노상 주차장,1.0,800.0,800.0,False,37.5550711,126.9238244,마포구 서교동 332-1
동구로 공영주차장,노외 주차장,71.0,640.0,640.0,False,37.49510602,126.89186155,구로구 구로동 94-1
동국제강 공영주차장,노외 주차장,13.0,1400.0,1400.0,False,37.56733736,126.98343453,중구 삼각동 111-1
동답 공영주차장,노외 주차장,67.0,,400.0,True,37.57002,127.05467,동대문구 답십리동 2-283
동대문 공영주차장,노외 주차장,1092.0,720.0,720.0,False,37.56710187,127.01214106,중구 신당동 251-7
동막골,노외 주차장,38.0,300.0,300.0,False,37.66727,127.07242,노원구 상계동 31-0
동막골 노외공영주차장,노외 주차장,35.0,300.0,300.0,False,37.66727,127.07242,노원구 상계동 31-0
동묘공영,노외 주차장,27.0,,400.0,True,37.57648,127.01848,종로구 숭인동 227-0
동묘공영주차장,노외 주차장,27.0,800.0,800.0,False,37.57648,127.01848,종로구 숭인동 227-8
동문굿모닝탑 앞 노상공영주차장,노상 주차장,1.0,,400.0,True,37.5162407,126.8521196,양천구 신정동 324-3
동방고개,노외 주차장,66.0,300.0,300.0,False,37.6162,127.05086,성북구 장위동 230-110
동산마을 공영주차장,노외 주차장,121.0,500.0,500.0,False,37.46838,127.0361,서초구 양재동 370-5
동서울 노외주차장,노외 주차장,25.0,500.0,500.0,False,37.54417,127.09262,광진구 구의동 598-1
동아빌딩앞,노상 주차장,2.0,1000.0,1000.0,False,37.5267088,126.9238,영등포구 여의도동 1-4
동아빌딩앞 노상주차장,노상 주차장,1.0,1000.0,1000.0,False,37.5267088,126.9238,영등포구 여의도동 14-0
동우주차장,노외 주차장,8.0,,400.0,True,37.55783,127.03571,성동구 행당동 32-1
동원시장공영주차장,노외 주차장,26.0,200.0,200.0,False,37.58178,127.09034,중랑구 면목동 74-33
동작갯마을,노상 주차장,4.0,,400.0,True,37.5028911,126.9775288,동작구 동작동 102-65
동작갯마을 공영주차장,노상 주차장,1.0,,400.0,True,37.5028911,126.9775288,동작구 동작동 102-65
동작구청 부설주차장,노외 주차장,86.0,500.0,500.0,False,37.5110101,126.9414634,동작구 노량진동 47-2
동작대교 공영주차장,노외 주차장,88.0,240.0,240.0,False,37.518577,126.983287,용산구 용산동6가 69-11
동작대교(위) 공영주차장,노상 주차장,1.0,520.0,520.0,False,37.50535472,126.9806183,동작구 동작동 316-3
동작대교(위) 공영주차장,노상 주차장,51.0,520.0,520.0,False,37.50535472,126.9806183,동작구 동작동 316-3
동작주차공원,노외 주차장,147.0,200.0,200.0,False,37.5028911,126.9775288,동작구 동작동 326-0
동작주차공원 주차장,노외 주차장,147.0,,400.0,True,37.5028911,126.9775288,동작구 동작동 326-0
동호대교(남) 공영주차장,노상 주차장,18.0,340.0,340.0,False,37.53093729,127.024794275,강남구 압구정동 435-0
동화동 공영주차장,노외 주차장,220.0,300.0,300.0,False,37.5651969,127.01322,중구 신당동 52-7
둔촌역전통시장,노외 주차장,18.0,300.0,300.0,False,37.52998,127.12875,강동구 성내동 417-34
둘리뮤지엄 공영주차장,노외 주차장,25.0,,400.0,True,37.65347,127.02715,도봉구 쌍문동 79-0
둘리뮤지엄공영주차장,노외 주차장,25.0,,400.0,True,37.65347,127.02715,도봉구 쌍문동 79-0
등나무근린공원,노외 주차장,129.0,500.0,500.0,False,37.64802,127.07678,노원구 중계동 508-1
등촌 2-1 공영주차장,노외 주차장,90.0,100.0,100.0,False,37.5498936,126.86025,강서구 등촌동 531-5
등촌3동 꿈나무길,노상 주차장,1.0,500.0,500.0,False,37.5498936,126.86025,강서구 등촌동 701-0
뚝섬유수지(평면) 공영주차장,노외 주차장,352.0,300.0,300.0,False,37.5435,127.03742,성동구 성수동1가 685-63
렉싱턴호텔뒤 노상주차장,노상 주차장,1.0,1000.0,1000.0,False,37.5267088,126.9238,영등포구 여의도동 13-0
롯데캐슬앞 노상주차장,노상 주차장,1.0,1000.0,1000.0,False,37.5267088,126.9238,영등포구 여의도동 36-0
마곡8 임시 주차장,노외 주차장,200.0,200.0,200.0,False,37.566575,126.826243,강서구 마곡동 728-42
마들스타디움(근린공원),노외 주차장,249.0,300.0,300.0,False,37.66727,127.07242,노원구 상계동 770-2
마른내길 공영주차장,노상 주차장,33.0,1360.0,1360.0,False,37.56433062,126.99457488,중구 인현동1가 87-10
마른내로 공영주차장,노상 주차장,14.0,1240.0,1240.0,False,37.56452799,126.99985972,중구 오장동 69-3
마을공원,노외 주차장,98.0,300.0,300.0,False,37.6162,127.05086,성북구 장위동 77-79
마을마당주차장,노외 주차장,114.0,100.0,100.0,False,37.52782,126.83692,양천구 신월동 129-6
마장축산물시장 서문(건물) 공영주차장,노외 주차장,129.0,500.0,500.0,False,37.56743,127.04045,성동구 마장동 522-1
마장축산물시장(건물) 공영주차장,노외 주차장,117.0,500.0,500.0,False,37.56743,127.04045,성동구 마장동 525-1
마천동1(건축물식),노외 주차장,215.0,,400.0,True,37.49803,127.15167,송파구 마천동 215-0
마천동2(건축물식),노외 주차장,114.0,,400.0,True,37.49803,127.15167,송파구 마천동 364-5
마천동3(건축물식),노외 주차장,47.0,,400.0,True,37.49803,127.15167,송파구 마천동 128-4
마포중앙도서관 공영주차장,노외 주차장,193.0,400.0,400.0,False,37.56775,126.90263,마포구 성산동 275-3
만승뒤(협동봉제조합),노상 주차장,1.0,,400.0,True,37.4753253,126.8863954,금천구 가산동 139-31
망원1-1 공영주차장,노외 주차장,68.0,166.66666666666669,166.66666666666669,False,37.55586,126.90087,마포구 망원동 418-39
망원1-2 공영주차장,노외 주차장,148.0,,400.0,True,37.55586,126.90087,마포구 망원동 403-2
망원2-1 공영주차장,노외 주차장,62.0,166.66666666666669,166.66666666666669,False,37.55586,126.90087,마포구 망원동 428-5
망원나들목공영주차장A동,노외 주차장,141.0,,400.0,True,37.55586,126.90087,마포구 망원동 461-3
망원동 공영주차장,노외 주차장,21.0,,400.0,True,37.55586,126.90087,마포구 망원동 478-10
매바위 공영주차장,노외 주차장,80.0,200.0,200.0,False,37.59418,126.92555,은평구 응암동 747-8
매헌시민의숲(매헌)역 공영주차장,노외 주차장,48.0,500.0,500.0,False,37.46838,127.0361,서초구 양재동 237-2
면목2동공영주차장,노외 주차장,199.0,200.0,200.0,False,37.58178,127.09034,중랑구 면목동 146-1
면목5동공영주차장,노외 주차장,67.0,200.0,200.0,False,37.58178,127.09034,중랑구 면목동 162-22
면목유수지 공영주차장,노외 주차장,567.0,200.0,200.0,False,37.579494,127.081451,중랑구 면목동 168-2
면목초교주자창,노외 주차장,82.0,200.0,200.0,False,37.58178,127.09034,중랑구 면목동 192-1
명광교회공영주차장,노외 주차장,8.0,500.0,500.0,False,37.58659,126.99398,종로구 명륜3가 12-0
명광교회옆,노외 주차장,8.0,500.0,500.0,False,37.58659,126.99398,종로구 명륜3가 12-0
명륜1가공영주차장,노외 주차장,50.0,,400.0,True,37.58861,126.99689,종로구 명륜1가 5-14
명륜동와룡주차장,노외 주차장,156.0,500.0,500.0,False,37.58659,126.99398,종로구 명륜3가 1-21
명일동 공영주차장,노외 주차장,11.0,440.0,440.0,False,37.55361065,127.15591212,강동구 명일동 47-9
목2동 월촌,노외 주차장,79.0,100.0,100.0,False,37.53608,126.87585,양천구 목동 525-0
목3동 해운주차장,노외 주차장,64.0,100.0,100.0,False,37.53608,126.87585,양천구 목동 711-6
목동체비지 공영주차장,노외 주차장,55.0,260.0,260.0,False,37.53679354,126.8806468,양천구 목동 908-26
목동타운홀,노외 주차장,25.0,300.0,300.0,False,37.53608,126.87585,양천구 목동 905-21
목사랑시장,노외 주차장,24.0,300.0,300.0,False,37.53608,126.87585,양천구 목동 723-7
무계원 공영,노외 주차장,22.0,,400.0,True,37.5949602,126.9657272,종로구 부암동 328-2
무궁화공영주차장,노외 주차장,69.0,500.0,500.0,False,37.48818,127.01751,서초구 서초동 1666-17
묵정공원지하 공영주차장,노외 주차장,491.0,800.0,800.0,False,37.5623267,126.9991376,중구 충무로5가 21-0
문래1동 공영주차장,노상 주차장,11.0,260.0,260.0,False,37.51355189,126.89703007,영등포구 문래동3가 54-12
문래근린공원 주차장,노외 주차장,41.0,500.0,500.0,False,37.51702,126.89591,영등포구 문래동3가 60-2
문래동공영,노외 주차장,52.0,300.0,300.0,False,37.51588,126.88411,영등포구 문래동5가 3-0
문래동주민센터 앞 노상주차장,노상 주차장,1.0,500.0,500.0,False,37.51702,126.89591,영등포구 문래동3가 55-16
문정 공영주차장,노외 주차장,101.0,,400.0,True,37.48434,127.12246,송파구 문정동 2-5
문정골길 노상공영주차장,노상 주차장,2.0,,400.0,True,37.48434,127.12246,송파구 문정동 41-14
문정근린공원,노외 주차장,290.0,,400.0,True,37.48434,127.12246,송파구 문정동 38-3
문화공영주차장,노외 주차장,31.0,300.0,300.0,False,37.5651969,127.01322,중구 신당동 425-1
문화회관 동측 공영주차장,노외 주차장,80.0,,400.0,True,37.5162407,126.8521196,양천구 신정동 322-5
문화회관 지하 주차장,노외 주차장,93.0,,400.0,True,37.5162407,126.8521196,양천구 신정동 322-0
문화회관동측,노외 주차장,80.0,300.0,300.0,False,37.5162407,126.8521196,양천구 신정동 322-5
문화회관서측 노외주차장,노외 주차장,23.0,300.0,300.0,False,37.5162407,126.8521196,양천구 신정동 323-25
미래에셋빌딩 앞 노상주차장,노상 주차장,1.0,1000.0,1000.0,False,37.5267088,126.9238,영등포구 여의도동 45-0
민속의 집 주차장,노외 주차장,26.0,300.0,300.0,False,37.56528,127.15761,강동구 고덕동 215-0
민속의집 공영주차장,노외 주차장,26.0,300.0,300.0,False,37.56528,127.15761,강동구 고덕동 215-0
바람개비 공영주차장,노외 주차장,186.0,,400.0,True,37.53608,126.87585,양천구 목동 919-8
바람개비주차장,노외 주차장,186.0,300.0,300.0,False,37.53608,126.87585,양천구 목동 919-8
반포2동 공영주차장,노외 주차장,134.0,300.0,300.0,False,37.50312,127.0014,서초구 반포동 5-1
반포2동공영주차장(덜위치칼리지),노외 주차장,134.0,300.0,300.0,False,37.50312,127.0014,서초구 반포동 5-1
반포4동 주민센터 공영주차장,노외 주차장,43.0,300.0,300.0,False,37.50312,127.0014,서초구 반포동 74-7
반포동 방음언덕형 공영주차장,노외 주차장,94.0,300.0,300.0,False,37.50312,127.0014,서초구 반포동 730-0
반포둥근마을 공영주차장,노외 주차장,179.0,300.0,300.0,False,37.50312,127.0014,서초구 반포동 49-8
반포복개천 공영주차장,노상 주차장,1.0,800.0,800.0,False,37.50312,127.0014,서초구 반포동 120-1
반포복개천 노상공영주차장,노상 주차장,1.0,800.0,800.0,False,37.50312,127.0014,서초구 반포동 120-1
반포서래공영주차장[서래마을 3호점],노외 주차장,7.0,300.0,300.0,False,37.50312,127.0014,서초구 반포동 95-13
반포한강공원 반포2주차장,노외 주차장,315.0,200.0,200.0,False,37.50312,127.0014,서초구 반포동 115-5
밝은빛 공영주차장,노외 주차장,23.0,,400.0,True,37.5162407,126.8521196,양천구 신정동 323-18
밤고개로21길 공영주차장,노외 주차장,109.0,200.0,200.0,False,37.4714,127.1113,강남구 율현동 77-5
방배1동 공영주차장,노외 주차장,123.0,300.0,300.0,False,37.4798789,126.9939103,서초구 방배동 328-1
방배복개도로 제2지역 노상공영주차장,노상 주차장,1.0,500.0,500.0,False,37.4798789,126.9939103,서초구 방배동 493-5
방배열린문화센터 공영주차장,노외 주차장,109.0,300.0,300.0,False,37.4798789,126.9939103,서초구 방배동 852-14
방배중앙로 노상공영주차장,노상 주차장,1.0,500.0,500.0,False,37.4798789,126.9939103,서초구 방배동 760-3
방신시장 고객주차장,노상 주차장,1.0,,400.0,True,37.57682,126.81422,강서구 방화동 858-0
방이고분,노외 주차장,60.0,,400.0,True,37.5141564,127.1195472,송파구 방이동 125-0
방이동 공영주차장,노외 주차장,131.0,,400.0,True,37.5141564,127.1195472,송파구 방이동 52-1
방이습지 노상공영주차장,노상 주차장,2.0,300.0,300.0,False,37.5141564,127.1195472,송파구 방이동 452-12
방학동 도깨비시장 공영주차장,노외 주차장,81.0,200.0,200.0,False,37.66442,127.03333,도봉구 방학동 632-1
방학동 월드상가 앞 주차장,노상 주차장,2.0,,400.0,True,37.66442,127.03333,도봉구 방학동 717-0
방화로 공영주차장,노상 주차장,65.0,240.0,240.0,False,37.55468529,126.81629744,강서구 공항동 796-0
배봉공영주차장,노외 주차장,199.0,500.0,500.0,False,37.58773,127.06526,동대문구 휘경동 286-66
배오개길 공영주차장,노상 주차장,10.0,1360.0,1360.0,False,37.56535114,126.998315985,중구 예관동 22-1
번2동 공영주차장(무인),노외 주차장,20.0,,400.0,True,37.62929,127.03684,강북구 번동 148-140
범일운수~신세계물류센터,노상 주차장,1.0,500.0,500.0,False,37.468399,126.8979571,금천구 독산동 1001-2
법마을공영주차장,노외 주차장,18.0,100.0,100.0,False,37.5162407,126.8521196,양천구 신정동 1018-3
법안정사 공영주차장,노상 주차장,1.0,,400.0,True,37.53608,126.87585,양천구 목동 907-1
벚꽃길주차장,노외 주차장,33.0,100.0,100.0,False,37.5162407,126.8521196,양천구 신정동 884-8
벤처빌딩,노외 주차장,56.0,300.0,300.0,False,37.6162,127.05086,성북구 장위동 65-154
벽산 노상공영,노상 주차장,2.0,400.0,400.0,False,37.6352212,127.0090642,강북구 수유동 36-1
벽산공영,노상 주차장,2.0,400.0,400.0,False,37.6352212,127.0090642,강북구 수유동 45-0
벽산디지털밸리앞 노상주차장,노상 주차장,1.0,500.0,500.0,False,37.51588,126.88411,영등포구 문래동5가 5-0
볏골공원 지하공영주차장,노외 주차장,231.0,200.0,200.0,False,37.54208,126.84656,강서구 화곡동 98-99
볕우물 공영주차장,노외 주차장,97.0,260.0,260.0,False,37.55237413,127.13512275,강동구 암사동 473-3
보라매공원동문주차장,노외 주차장,52.0,200.0,200.0,False,37.4955756,126.9195788,동작구 신대방동 395-0
보라매상업 공영주차장,노외 주차장,64.0,440.0,440.0,False,37.49039184,126.92340595,동작구 신대방동 431-3
보라매제1공영주차장,노외 주차장,133.0,100.0,100.0,False,37.484665,126.9484961,관악구 봉천동 110-4
복정역 공영주차장,노외 주차장,362.0,340.0,340.0,False,37.47005293,127.1277329,송파구 장지동 600-2
봉수대공영주차장,노외 주차장,31.0,300.0,300.0,False,37.61182,127.09298,중랑구 신내동 12-2
봉천복개3 공영주차장,노상 주차장,59.0,440.0,440.0,False,37.48839206,126.93069135,관악구 봉천동 1467-3
봉화산역(남) 공영주차장,노외 주차장,86.0,160.0,160.0,False,37.61182,127.09298,중랑구 신내동 647-0
부군당길공영주차장,노외 주차장,63.0,500.0,500.0,False,37.5806,127.05543,동대문구 전농동 273-1
부영그린 공영노상주차장,노상 주차장,1.0,,400.0,True,37.53608,126.87585,양천구 목동 908-35
북부지법주변,노상 주차장,1.0,,400.0,True,37.63021,127.08818,노원구 공릉동 629-1
불암산 공영주차장,노외 주차장,36.0,,400.0,True,37.64802,127.07678,노원구 중계동 26-0
비봉,노외 주차장,40.0,300.0,300.0,False,37.609029,126.9573925,종로구 구기동 139-9
비봉주차장,노외 주차장,40.0,300.0,300.0,False,37.609029,126.9573925,종로구 구기동 139-9
비석거리,노상 주차장,1.0,,400.0,True,37.49672,127.11744,송파구 가락동 95-6
빗물펌프장 공영주차장,노외 주차장,45.0,380.0,380.0,False,37.5064393,126.963687,동작구 흑석동 105-0
빙수골장미,노외 주차장,64.0,,400.0,True,37.4988159,126.9441045,동작구 상도동 301-132
빨래골 노상공영,노상 주차장,2.0,400.0,400.0,False,37.6352212,127.0090642,강북구 수유동 49-27
사당노외공영주차장,노외 주차장,183.0,800.0,800.0,False,37.47543791,126.98377372,서초구 방배동 507-1
사조냉장-무등실업,노상 주차장,1.0,,400.0,True,37.468399,126.8979571,금천구 독산동 303-2
산업은행앞,노상 주차장,2.0,1000.0,1000.0,False,37.5267088,126.9238,영등포구 여의도동 1-5
산업은행앞 노상주차장,노상 주차장,1.0,1000.0,1000.0,False,37.5267088,126.9238,영등포구 여의도동 16-0
살곶이(평면) 공영주차장,노외 주차장,102.0,100.0,100.0,False,37.5589948,127.0480281,성동구 사근동 104-0
살피재 주차장,노상 주차장,1.0,,400.0,True,37.4988159,126.9441045,동작구 상도동 485-6
삼각지고가밑 공영주차장,노상 주차장,16.0,500.0,500.0,False,37.53704625,126.96954765,용산구 문배동 12-1
삼성1문화센터 공영주차장,노외 주차장,70.0,800.0,800.0,False,37.5147838,127.0543618,강남구 삼성동 161-2
삼성유료주차장,노외 주차장,20.0,1000.0,1000.0,False,37.5223206,127.0277019,강남구 신사동 625-13
삼양마을공원지하공영주차장,노외 주차장,95.0,400.0,400.0,False,37.628995,127.0257543,강북구 미아동 748-2
삼전동(건축물식),노외 주차장,196.0,,400.0,True,37.5014521,127.0901512,송파구 삼전동 175-8
삼청공원앞,노상 주차장,1.0,500.0,500.0,False,37.58964,126.98112,종로구 삼청동 25-11
삼환아파트,노상 주차장,1.0,,400.0,True,37.468399,126.8979571,금천구 독산동 1004-6
삼환아파트 앞 노상주차장,노상 주차장,3.0,500.0,500.0,False,37.514477,126.8898892,영등포구 문래동4가 41-0
상계2동 공영주차장,노외 주차장,108.0,300.0,300.0,False,37.66727,127.07242,노원구 상계동 373-13
상봉2동공영주차장,노외 주차장,83.0,200.0,200.0,False,37.60002,127.09283,중랑구 상봉동 110-38
상암1 공영주차장,노외 주차장,214.0,400.0,400.0,False,37.5715724,126.8728063,마포구 상암동 1621-0
상인회주차장,노외 주차장,22.0,,400.0,True,37.4507049,126.9085555,금천구 시흥동 886-13
새마을시장,노상 주차장,2.0,500.0,500.0,False,37.5122807,127.0855986,송파구 잠실동 284-0
색동공원 공영주차장,노외 주차장,80.0,400.0,400.0,False,37.6352212,127.0090642,강북구 수유동 49-7
색동공원공영주차장,노외 주차장,80.0,400.0,400.0,False,37.6352212,127.0090642,강북구 수유동 49-7
서강대역 환승 공영주차장,노외 주차장,98.0,300.0,300.0,False,37.5462035,126.9359375,마포구 신수동 93-35
서계동공영주차장,노외 주차장,36.0,300.0,300.0,False,37.55234,126.96595,용산구 서계동 276-5
서광주차장,노외 주차장,60.0,,400.0,True,37.4955756,126.9195788,동작구 신대방동 607-45
서래마을공영주차장,노외 주차장,78.0,300.0,300.0,False,37.50312,127.0014,서초구 반포동 90-7
서부간선도로,노상 주차장,1.0,,400.0,True,37.4753253,126.8863954,금천구 가산동 557-4
서서울주차장,노외 주차장,70.0,100.0,100.0,False,37.52782,126.83692,양천구 신월동 267-8
서소문 삼성생명뒤 공영주차장,노외 주차장,52.0,800.0,800.0,False,37.5645479,126.9766825,중구 태평로2가 150-0
서소문삼성생명뒤,노외 주차장,49.0,800.0,800.0,False,37.56283,126.97365,중구 서소문동 122-0
서소문올리브타워옆 공영주차장,노외 주차장,16.0,1000.0,1000.0,False,37.56283,126.97365,중구 서소문동 137-0
서울글로벌센터 공영주차장,노외 주차장,44.0,1400.0,1400.0,False,37.56983402,126.98150586,종로구 서린동 63-0
서울숲 공영주차장,노외 주차장,177.0,300.0,300.0,False,37.5435,127.03742,성동구 성수동1가 643
서울식물원 제2주차장,노외 주차장,202.0,,400.0,True,37.566575,126.826243,강서구 마곡동 20-3
서울암사동유적 주차장,노외 주차장,108.0,18.51851851851852,18.51851851851852,False,37.5582352,127.1308542,강동구 암사동 139-2
서울약령시공영주차장,노외 주차장,199.0,300.0,300.0,False,37.58465,127.03678,동대문구 제기동 1082-0
서원동제1공영,노상 주차장,4.0,,400.0,True,37.4868971,126.928177,관악구 신림동 1642-7
서인사마당,노외 주차장,45.0,800.0,800.0,False,37.57435,126.98243,종로구 견지동 85-18
서인사마당공영,노외 주차장,45.0,800.0,800.0,False,37.57435,126.98243,종로구 견지동 85-18
서초역 공영주차장,노외 주차장,23.0,500.0,500.0,False,37.48818,127.01751,서초구 서초동 1542-12
서호1,노외 주차장,15.0,,400.0,True,37.5122807,127.0855986,송파구 잠실동 42-0
서호2,노외 주차장,18.0,,400.0,True,37.5122807,127.0855986,송파구 잠실동 47-0*
석계역 공영주차장,노외 주차장,70.0,520.0,520.0,False,37.615292,127.062997,노원구 월계동 50-9
석계역 앞,노외 주차장,29.0,200.0,200.0,False,37.6289,127.0567,노원구 월계동 60-1
석계역앞,노외 주차장,29.0,200.0,200.0,False,37.6289,127.0567,노원구 월계동 60-1
석촌고분,노외 주차장,61.0,,400.0,True,37.5024827,127.103495,송파구 석촌동 248-0
석촌역(제1호),노상 주차장,1.0,,400.0,True,37.50479,127.11369,송파구 송파동 68-0
선릉로132길 노상공영 주차장,노상 주차장,5.0,800.0,800.0,False,37.5257535,127.0523217,강남구 청담동 77-84
선릉로146길 노상공영주차장,노상 주차장,3.0,,400.0,True,37.5257535,127.0523217,강남구 청담동 77-27
성균관 유림회관,노외 주차장,40.0,,400.0,True,37.58659,126.99398,종로구 명륜3가 53-0
성내역(잠실나루역) 공영주차장,노상 주차장,32.0,500.0,500.0,False,37.517732385,127.105057265,송파구 신천동 11-1
성내전통시장 주차장,노외 주차장,28.0,300.0,300.0,False,37.52998,127.12875,강동구 성내동 224-37
성동 고등학교 공영주차장,노외 주차장,134.0,300.0,300.0,False,37.5651969,127.01322,중구 신당동 161-0
성동공고 공영주차장,노외 주차장,175.0,400.0,400.0,False,37.56738,127.01651,중구 흥인동 1-1
성산2-1 공영주차장,노외 주차장,59.0,166.66666666666669,166.66666666666669,False,37.56775,126.90263,마포구 성산동 199-0
성수2가1동(건물) 공영주차장,노외 주차장,163.0,200.0,200.0,False,37.54048,127.05601,성동구 성수동2가 571-1
성수2가3동(건물) 공영주차장,노외 주차장,196.0,200.0,200.0,False,37.54048,127.05601,성동구 성수동2가 299-19
성수문화예술마당 임시 공영주차장,노외 주차장,236.0,300.0,300.0,False,37.5435,127.03742,성동구 성수동1가 683-0
세우빌딩앞 노상주차장,노상 주차장,1.0,1000.0,1000.0,False,37.5267088,126.9238,영등포구 여의도동 10-0
세일철강~LG전자연구소,노상 주차장,1.0,500.0,500.0,False,37.4753253,126.8863954,금천구 가산동 319-15
세종로 공영주차장,노외 주차장,1260.0,860.0,860.0,False,37.57340269,126.97588429,종로구 세종로 80-1
소금나루도서관 공영주차장,노외 주차장,118.0,400.0,400.0,False,37.5501812,126.9479037,마포구 염리동 61-4
송정동(건물) 공영주차장,노외 주차장,122.0,200.0,200.0,False,37.5537482,127.0684835,성동구 송정동 68-57
송파근린공원,노외 주차장,324.0,,400.0,True,37.50479,127.11369,송파구 송파동 113-2
송파나루공원 동호주차장,노외 주차장,20.0,,400.0,True,37.5184928,127.1030779,송파구 신천동 32-0
송파동(건축물식),노외 주차장,83.0,,400.0,True,37.50479,127.11369,송파구 송파동 128-0
송파파크데이 2단지입구앞,노외 주차장,110.0,,400.0,True,37.49803,127.15167,송파구 마천동 603-0
송화골목 전통시장 고객주차장,노외 주차장,24.0,500.0,500.0,False,37.5539189,126.8377194,강서구 내발산동 720-4
수락산디자인서울거리,노상 주차장,1.0,,400.0,True,37.66727,127.07242,노원구 상계동 996-2
수색동공영주차장,노외 주차장,111.0,200.0,200.0,False,37.5851873,126.8948584,은평구 수색동 78-2
수서역북 공영주차장,노외 주차장,575.0,640.0,640.0,False,37.48801285,127.09994995,강남구 수서동 735-0
수송초등학교 공영주차장,노외 주차장,185.0,400.0,400.0,False,37.62929,127.03684,강북구 번동 456-0
수유2동 공영주차장,노외 주차장,62.0,300.0,300.0,False,37.6352212,127.0090642,강북구 수유동 660-30
수유동쌈지마당공영주차장,노외 주차장,19.0,500.0,500.0,False,37.6352212,127.0090642,강북구 수유동 612-6
수유마을시장 공영주차장,노외 주차장,116.0,200.0,200.0,False,37.6352212,127.0090642,강북구 수유동 55-53
시네마빌딩공영주차장,노외 주차장,100.0,300.0,300.0,False,37.59742,127.01841,성북구 돈암동 538-59
시민의숲 동측 공영주차장[양재시민의숲역 4호점],노외 주차장,143.0,500.0,500.0,False,37.46838,127.0361,서초구 양재동 237-0
시범 공영주차장,노외 주차장,45.0,500.0,500.0,False,37.6352212,127.0090642,강북구 수유동 190-11
시흥1동 공영주차장,노외 주차장,82.0,,400.0,True,37.4507049,126.9085555,금천구 시흥동 555-3
시흥3동 공영주차장,노외 주차장,44.0,130.0,130.0,False,37.4507049,126.9085555,금천구 시흥동 942-6
신곡주차장,노외 주차장,18.0,100.0,100.0,False,37.52782,126.83692,양천구 신월동 549-18
신교공영,노외 주차장,158.0,500.0,500.0,False,37.58416,126.96723,종로구 신교동 66-0
신구초 공영주차장,노외 주차장,185.0,600.0,600.0,False,37.5223206,127.0277019,강남구 신사동 550-11
신길환승(5호선),노외 주차장,88.0,200.0,200.0,False,37.51509,126.91423,영등포구 영등포동1가 35-0
신당동 공영주차장,노외 주차장,76.0,400.0,400.0,False,37.5651969,127.01322,중구 신당동 300-6
신당사거리 공영주차장,노외 주차장,51.0,500.0,500.0,False,37.5651969,127.01322,중구 신당동 110-1
신당역 공영주차장,노외 주차장,26.0,500.0,500.0,False,37.5651969,127.01322,중구 신당동 140-29
신대방역 공영주차장,노외 주차장,60.0,520.0,520.0,False,37.48830327,126.91452278,관악구 신림동 498-0
신도림역환승주차장,노외 주차장,65.0,200.0,200.0,False,37.4945849,126.8845477,구로구 구로동 1-4
신림동공영주차장,노외 주차장,191.0,500.0,500.0,False,37.4868971,126.928177,관악구 신림동 1456-3
신림동제2공영,노상 주차장,1.0,,400.0,True,37.4868971,126.928177,관악구 신림동 1472-1
신문로 공영주차장,노외 주차장,17.0,800.0,800.0,False,37.57017,126.97417,종로구 신문로1가 58-36
신방화역 공영주차장,노외 주차장,199.0,340.0,340.0,False,37.56706812,126.81757628,강서구 마곡동 739-0
신사동 제1공영주차장,노외 주차장,41.0,100.0,100.0,False,37.4868971,126.928177,관악구 신림동 511-1
신설동 공영주차장,노외 주차장,71.0,520.0,520.0,False,37.57252061,127.02425684,동대문구 신설동 114-29
신영시장 공동주차장,노외 주차장,23.0,300.0,300.0,False,37.52782,126.83692,양천구 신월동 114-16
신우주차장,노외 주차장,107.0,100.0,100.0,False,37.52782,126.83692,양천구 신월동 166-23
신월1동저지복개1구역,노상 주차장,9.0,300.0,300.0,False,37.52782,126.83692,양천구 신월동 228-1
신월1동저지복개2구역,노상 주차장,1.0,300.0,300.0,False,37.52782,126.83692,양천구 신월동 90-1
신월4동 공영주차장,노외 주차장,46.0,240.0,240.0,False,37.525643,126.837692,양천구 신월동 411-1
신월5동복개주차장,노상 주차장,8.0,300.0,300.0,False,37.52782,126.83692,양천구 신월동 53-2
"신정1,3동 복개",노상 주차장,23.0,300.0,300.0,False,37.5162407,126.8521196,양천구 신정동 1031-0
신정4동 로데오길,노상 주차장,3.0,300.0,300.0,False,37.5162407,126.8521196,양천구 신정동 890-0
신정4동길,노상 주차장,9.0,300.0,300.0,False,37.5162407,126.8521196,양천구 신정동 902-0
신정7동 한사랑교회 주차장,노외 주차장,125.0,300.0,300.0,False,37.5162407,126.8521196,양천구 신정동 324-11
신정교주차장,노외 주차장,294.0,,400.0,True,37.5162407,126.8521196,양천구 신정동 871-3
신창공영주차장,노외 주차장,110.0,300.0,300.0,False,37.53586,126.95441,용산구 신창동 53-1
신천유수지 공영주차장,노외 주차장,192.0,520.0,520.0,False,37.52231457,127.10290327,송파구 신천동 14-0
신천지,노상 주차장,1.0,,400.0,True,37.468399,126.8979571,금천구 독산동 152-1
신촌노상공영주차장,노상 주차장,2.0,900.0,900.0,False,37.553881,126.937312,마포구 노고산동 49-48
신학대길 노상공영주차장,노상 주차장,1.0,,400.0,True,37.54208,126.84656,강서구 화곡동 980-19
신한증권옆,노상 주차장,1.0,,400.0,True,37.64802,127.07678,노원구 중계동 366-12
쌈지 공영주차장,노외 주차장,19.0,500.0,500.0,False,37.6352212,127.0090642,강북구 수유동 62-4
쌍문2동 2공영주차장,노외 주차장,18.0,,400.0,True,37.65347,127.02715,도봉구 쌍문동 81-102
쌍문2동 5공영주차장,노외 주차장,77.0,200.0,200.0,False,37.65347,127.02715,도봉구 쌍문동 715-2
아시아공원,노외 주차장,113.0,,400.0,True,37.5122807,127.0855986,송파구 잠실동 84-0
아카데미 노상공영,노상 주차장,5.0,400.0,400.0,False,37.6352212,127.0090642,강북구 수유동 535-76
아톰,노상 주차장,1.0,500.0,500.0,False,37.4753253,126.8863954,금천구 가산동 345-48
아현시민 공영주차장,노외 주차장,133.0,400.0,400.0,False,37.5505624,126.9525116,마포구 아현동 804-3
안말 주차장,노외 주차장,169.0,300.0,300.0,False,37.52998,127.12875,강동구 성내동 512-0
암사1동 주차장,노외 주차장,114.0,300.0,300.0,False,37.5582352,127.1308542,강동구 암사동 59-2
압구정 428 공영주차장,노외 주차장,344.0,800.0,800.0,False,37.5300432,127.0313346,강남구 압구정동 428-0
압구정29길 노상공영 주차장,노상 주차장,5.0,400.0,400.0,False,37.5300432,127.0313346,강남구 압구정동 453-0
압구정고가1 공영주차장,노상 주차장,19.0,1000.0,1000.0,False,37.52607658,127.028388,강남구 신사동 668-0
압구정고가2 공영주차장,노상 주차장,1.0,1000.0,1000.0,False,37.5223206,127.0277019,강남구 신사동 668-0
압구정로29길,노상 주차장,1.0,800.0,800.0,False,37.5300432,127.0313346,강남구 압구정동 453-0
양재2동주민센터 공영주차장,노외 주차장,31.0,300.0,300.0,False,37.46838,127.0361,서초구 양재동 323-1
양재근린공원 공영주차장,노외 주차장,102.0,300.0,300.0,False,37.46838,127.0361,서초구 양재동 311-0
양재시민의숲(매헌)역 공영주차장,노외 주차장,48.0,500.0,500.0,False,37.46838,127.0361,서초구 양재동 237-2
양재주차빌딩,노외 주차장,98.0,300.0,300.0,False,37.46838,127.0361,서초구 양재동 90-2
양천경찰서 노상공영주차장,노상 주차장,1.0,,400.0,True,37.5162407,126.8521196,양천구 신정동 322-3
양천공원옆,노상 주차장,1.0,300.0,300.0,False,37.5162407,126.8521196,양천구 신정동 320-3
양천구청 노상공영주차장,노상 주차장,4.0,,400.0,True,37.5162407,126.8521196,양천구 신정동 321-3
양천사회단체봉사센터,노외 주차장,20.0,300.0,300.0,False,37.53608,126.87585,양천구 목동 905-29
양천사회단체봉사센터 공영주차장,노외 주차장,21.0,,400.0,True,37.53608,126.87585,양천구 목동 905-29
양평2동청사 공영,노외 주차장,93.0,500.0,500.0,False,37.53689,126.89638,영등포구 양평동4가 72-1
양평동(동) 공영주차장,노상 주차장,1.0,260.0,260.0,False,37.53906,126.8928,영등포구 양평동5가 44-1
양평유수지 공영주차장,노외 주차장,265.0,,400.0,True,37.5282501,126.8914746,영등포구 양평동3가 57-3
양화진 공영주차장,노외 주차장,133.0,400.0,400.0,False,37.5477846,126.9095636,마포구 합정동 139-21
어울림 공영주차장,노외 주차장,32.0,,400.0,True,37.5162407,126.8521196,양천구 신정동 318-2
어울림소공원 공영주차장,노외 주차장,45.0,400.0,400.0,False,37.628995,127.0257543,강북구 미아동 4-1
어울림주차장,노외 주차장,32.0,300.0,300.0,False,37.5162407,126.8521196,양천구 신정동 318-2
언구비 공영주차장,노외 주차장,51.0,300.0,300.0,False,37.50312,127.0014,서초구 반포동 741-3
언북초교 공영주차장,노외 주차장,225.0,600.0,600.0,False,37.5257535,127.0523217,강남구 청담동 27-0
언주로171길,노상 주차장,3.0,1600.0,1600.0,False,37.5223206,127.0277019,강남구 신사동 668-11
언주초 공영주차장,노외 주차장,191.0,400.0,400.0,False,37.4878395,127.0438569,강남구 도곡동 922-0
엔젤데이케이센터 지하주차장,노외 주차장,5.0,,400.0,True,37.4856963,126.9723525,동작구 사당동 278-34
여울 공영주차장,노외 주차장,76.0,,400.0,True,37.52782,126.83692,양천구 신월동 151-5
여의도공원 공영주차장,노상 주차장,49.0,600.0,600.0,False,37.5226,126.91685,영등포구 여의도동 2-11
여의도공원앞1 노상주차장,노상 주차장,1.0,1000.0,1000.0,False,37.5267088,126.9238,영등포구 여의도동 2-11
여의도공원앞2 노상주차장,노상 주차장,2.0,1000.0,1000.0,False,37.5267088,126.9238,영등포구 여의도동 2-11
여의도공원앞3 노상주차장,노상 주차장,3.0,1000.0,1000.0,False,37.5267088,126.9238,영등포구 여의도동 2-11
여의도백화점 앞 노상주차장,노상 주차장,2.0,1000.0,1000.0,False,37.5267088,126.9238,영등포구 여의도동 3-5
여의서로 공영주차장,노상 주차장,8.0,320.0,320.0,False,37.5267088,126.9238,영등포구 여의도동 8-1
역말 공영주차장,노외 주차장,47.0,,400.0,True,37.6049941,126.9148856,은평구 역촌동 12-42
역삼1문화센터 공영주차장,노외 주차장,118.0,800.0,800.0,False,37.49988,127.03856,강남구 역삼동 829-20
역삼문화공원 공영주차장,노외 주차장,59.0,600.0,600.0,False,37.49988,127.03856,강남구 역삼동 635-0
역삼문화공원제1호공영주차장,노외 주차장,247.0,600.0,600.0,False,37.49988,127.03856,강남구 역삼동 635-1
연광초교 지하 공영주차장,노외 주차장,51.0,200.0,200.0,False,37.6160647,126.9339579,은평구 불광동 400-6
연광초교지하공동주차장,노외 주차장,152.0,200.0,200.0,False,37.6160647,126.9339579,은평구 불광동 400-6
연남 유료 주차장,노상 주차장,7.0,500.0,500.0,False,37.5626596,126.9226107,마포구 연남동 228-20
연남노상공영주차장,노상 주차장,1.0,500.0,500.0,False,37.5626596,126.9226107,마포구 연남동 224-36
연남동 공영주차장,노외 주차장,98.0,600.0,600.0,False,37.5626596,126.9226107,마포구 연남동 361-9
연신중학교지하 공영주차장,노외 주차장,53.0,200.0,200.0,False,37.6160647,126.9339579,은평구 불광동 400-4
연신중학교지하공동주차장,노외 주차장,137.0,200.0,200.0,False,37.6160647,126.9339579,은평구 불광동 400-4
연희사러가쇼핑센터앞,노상 주차장,1.0,,400.0,True,37.57234,126.93084,서대문구 연희동 130-12
염리 공영주차장,노외 주차장,135.0,500.0,500.0,False,37.54914,126.94915,마포구 염리동 174-3
영남 공영주차장,노외 주차장,570.0,320.0,320.0,False,37.51947074,126.90260898,영등포구 영등포동4가 123-0
영동6교밑 공영주차장,노상 주차장,38.0,520.0,520.0,False,37.494468795,127.071070055,강남구 대치동 512-1
영동대로106길,노상 주차장,7.0,1200.0,1200.0,False,37.5147838,127.0543618,강남구 삼성동 172-21
영동대로86길노상,노상 주차장,1.0,800.0,800.0,False,37.49882,127.06566,강남구 대치동 1012-8
영동대로96길,노상 주차장,1.0,1200.0,1200.0,False,37.5147838,127.0543618,강남구 삼성동 172-41
영등포구청,노상 주차장,1.0,200.0,200.0,False,37.52616,126.89724,영등포구 당산동3가 397-1
영등포구청별관 공영주차장,노외 주차장,61.0,300.0,300.0,False,37.52616,126.89724,영등포구 당산동3가 560-0
영등포구청역 공영주차장,노외 주차장,137.0,520.0,520.0,False,37.52432737,126.89548892,영등포구 당산동3가 370-3
영등포구청환승주차장,노외 주차장,66.0,200.0,200.0,False,37.52616,126.89724,영등포구 당산동3가 370-4
영등포동제1공영(전통시장),노외 주차장,34.0,300.0,300.0,False,37.52125,126.91222,영등포구 영등포동2가 230-0
영등포동제2공영,노외 주차장,28.0,200.0,200.0,False,37.5239764,126.9065622,영등포구 영등포동7가 29-122
영등포동제3공영,노외 주차장,172.0,500.0,500.0,False,37.51777,126.90368,영등포구 영등포동4가 442-0
영등포로터리,노상 주차장,1.0,260.0,260.0,False,37.51509,126.91423,영등포구 영등포동1가 97-4
영등포로터리 공영주차장,노상 주차장,1.0,260.0,260.0,False,37.51509,126.91423,영등포구 영등포동1가 111-1
영등포본동제1공영,노외 주차장,194.0,200.0,200.0,False,37.5222786,126.9078574,영등포구 영등포동 592-10
영등포전통시장 공영주차장,노외 주차장,62.0,,400.0,True,37.52125,126.91222,영등포구 영등포동2가 466-0
영등포중앙시장 노상주차장,노상 주차장,1.0,200.0,200.0,False,37.5259675,126.9049108,영등포구 영등포동7가 5-1
영희초교 공영주차장,노외 주차장,186.0,200.0,200.0,False,37.48754,127.08705,강남구 일원동 617-0
오류1동 텃골주차장,노외 주차장,84.0,200.0,200.0,False,37.4910095,126.8377379,구로구 오류동 6-11
오패산공영주차장,노외 주차장,76.0,300.0,300.0,False,37.628995,127.0257543,강북구 미아동 133-100
옥수역 공영주차장,노상 주차장,32.0,340.0,340.0,False,37.54226979,127.01695354,성동구 옥수동 401-1
옥수유수지(평면) 공영주차장,노외 주차장,47.0,300.0,300.0,False,37.54176,127.01648,성동구 옥수동 77-3
온수역(남) 공영주차장,노상 주차장,41.0,340.0,340.0,False,37.49185054,126.8241372,구로구 온수동 51-26
온조대왕 문화체육관옆,노외 주차장,27.0,300.0,300.0,False,37.56528,127.15761,강동구 고덕동 300-0
외대역주차빌딩 공영,노외 주차장,84.0,500.0,500.0,False,37.60021,127.06124,동대문구 이문동 306-14
요업기술원-LG전자뒤,노상 주차장,1.0,,400.0,True,37.4753253,126.8863954,금천구 가산동 237-101
용답 어울림 공영주차장,노외 주차장,16.0,200.0,200.0,False,37.5613328,127.0580146,성동구 용답동 53-5
용답동(건물) 공영주차장,노외 주차장,164.0,200.0,200.0,False,37.5613328,127.0580146,성동구 용답동 4-1
용답제2(평면) 공영주차장,노외 주차장,145.0,300.0,300.0,False,37.5613328,127.0580146,성동구 용답동 182-10
용마폭포공원공영주차장,노외 주차장,119.0,,400.0,True,37.5804084,127.0878903,중랑구 면목동 1-4
용문동 공영주차장,노외 주차장,39.0,300.0,300.0,False,37.53857,126.95576,용산구 도원동 4-5
용산2가소월주차장,노외 주차장,60.0,300.0,300.0,False,37.54305,126.98558,용산구 용산동2가 11-0
용산구 이태원동 258-29,노외 주차장,30.0,300.0,300.0,False,37.53842,126.992,용산구 이태원동 258-29
용산구 한강로1가 236-5,노외 주차장,14.0,,400.0,True,37.53517,126.97404,용산구 한강로1가 236-5
용산구 한강로2가 148-4,노외 주차장,6.0,300.0,300.0,False,37.53142,126.9685,용산구 한강로2가 148-4
용산구 한강로2가 2-28,노외 주차장,14.0,,400.0,True,37.53142,126.9685,용산구 한강로2가 2-28
용산구 한강로2가 2-39,노외 주차장,12.0,666.6666666666667,666.6666666666667,False,37.53142,126.9685,용산구 한강로2가 2-39
용산동2가동 기계식 공영주차장,노외 주차장,54.0,500.0,500.0,False,37.54305,126.98558,용산구 용산동2가 47-2
용산전자상가 4,노외 주차장,114.0,500.0,500.0,False,37.53427,126.9578,용산구 원효로3가 51-5
용산전자상가2,노외 주차장,196.0,500.0,500.0,False,37.52754,126.96297,용산구 한강로3가 14-1
용산전자상가3,노외 주차장,167.0,500.0,500.0,False,37.52754,126.96297,용산구 한강로3가 19-2
용산전자상가4,노외 주차장,114.0,500.0,500.0,False,37.53427,126.9578,용산구 원효로3가 51-5
용산주차빌딩,노외 주차장,561.0,600.0,600.0,False,37.53142,126.9685,용산구 한강로2가 12-9
용산주차빌딩 공영주차장,노외 주차장,561.0,600.0,600.0,False,37.53436379,126.96541818,용산구 한강로2가 12-9
우리공영주차장,노외 주차장,39.0,,400.0,True,37.53608,126.87585,양천구 목동 907-8
우리은행,노상 주차장,1.0,,400.0,True,37.4753253,126.8863954,금천구 가산동 140-41
우이동 공영주차장,노외 주차장,82.0,,400.0,True,37.6575291,127.0089505,강북구 우이동 105-2
웃우물 공영주차장,노외 주차장,79.0,440.0,440.0,False,37.52379759,126.85141746,양천구 신정동 943-25
웅진코웨이~sk트윈타워,노상 주차장,12.0,500.0,500.0,False,37.4753253,126.8863954,금천구 가산동 345-2
원묵 고등학교 공용 지하주차장,노외 주차장,107.0,100.0,100.0,False,37.61083,127.08109,중랑구 묵동 23-0
원서공원 앞,노상 주차장,1.0,1000.0,1000.0,False,37.581572,126.9922844,종로구 와룡동 206-0
원신공영주차장,노외 주차장,174.0,100.0,100.0,False,37.4868971,126.928177,관악구 신림동 366-0
원효대교 남단 공영주차장,노상 주차장,13.0,320.0,320.0,False,37.52234322,126.93684128,영등포구 여의도동 5-0
유경백화점뒤,노상 주차장,6.0,,400.0,True,37.64802,127.07678,노원구 중계동 364-16
유료주차장,노외 주차장,19.0,,400.0,True,37.54048,127.05601,성동구 성수동2가 273-15
유수지복개(양평)주차장,노외 주차장,371.0,500.0,500.0,False,37.5282501,126.8914746,영등포구 양평동3가 57-3
유진상가앞,노상 주차장,4.0,,400.0,True,37.5871,126.94676,서대문구 홍제동 294-1
은마아파트,노상 주차장,1.0,1200.0,1200.0,False,37.49882,127.06566,강남구 대치동 316-0
은평평화공원,노외 주차장,143.0,300.0,300.0,False,37.6040879,126.9317233,은평구 녹번동 153-1
은평한문화공영주차장,노외 주차장,150.0,,400.0,True,37.6421169,126.9354305,은평구 진관동 125-12
은행나무공영주차장,노외 주차장,97.0,200.0,200.0,False,37.58178,127.09034,중랑구 면목동 107-5
을지로 공영주차장,노상 주차장,82.0,1500.0,1500.0,False,37.56664646,126.99696895,중구 을지로3가 282-8
응봉역공영주차장,노외 주차장,64.0,,400.0,True,37.55236,127.03356,성동구 응봉동 3-11
응암3동 공동주차장,노외 주차장,160.0,200.0,200.0,False,37.59418,126.92555,은평구 응암동 580-4
이수 공영주차장,노외 주차장,162.0,300.0,300.0,False,37.4798789,126.9939103,서초구 방배동 761-3
이수공영주차장,노외 주차장,162.0,300.0,300.0,False,37.4798789,126.9939103,서초구 방배동 761-3
이태원2동 공영주차장,노외 주차장,111.0,500.0,500.0,False,37.53842,126.992,용산구 이태원동 227-9
이화공영,노외 주차장,100.0,800.0,800.0,False,37.57663,127.00515,종로구 이화동 13-2
인수동공영주차장,노외 주차장,89.0,400.0,400.0,False,37.6352212,127.0090642,강북구 수유동 126-0
일원1동(기계식),노외 주차장,68.0,200.0,200.0,False,37.48754,127.08705,강남구 일원동 684-8
일원동맛의거리,노상 주차장,1.0,200.0,200.0,False,37.48754,127.08705,강남구 일원동 709-9
일원역 공영주차장,노외 주차장,67.0,340.0,340.0,False,37.48468629,127.08408987,강남구 일원동 716-2
일원터널 공영주차장,노외 주차장,11.0,260.0,260.0,False,37.48285728,127.07937197,강남구 일원동 722-1
자양4동 공영주차장,노외 주차장,83.0,,400.0,True,37.5329735,127.0727409,광진구 자양동 5-5
자양유수지 공영주차장,노외 주차장,281.0,,400.0,True,37.5329735,127.0727409,광진구 자양동 594-0
자양전통시장 공영주차장,노외 주차장,24.0,500.0,500.0,False,37.5329735,127.0727409,광진구 자양동 631-18
잠실역 공영주차장,노외 주차장,357.0,800.0,800.0,False,37.51427683,127.10341414,송파구 신천동 27-0
잠원동방음언덕형공영주차장,노외 주차장,60.0,300.0,300.0,False,37.5182544,127.0124028,서초구 잠원동 10-33
장안1동 공영주차장,노외 주차장,71.0,260.0,260.0,False,37.56941,127.066994,동대문구 장안동 392-3
장안1동(군자유치원) 노외주차장,노외 주차장,20.0,500.0,500.0,False,37.57105,127.06806,동대문구 장안동 403-13
장안2동 공영주차장,노외 주차장,80.0,260.0,260.0,False,37.5782752,127.07061896,동대문구 장안동 286-9
장안공원지하주차장,노외 주차장,163.0,,400.0,True,37.57105,127.06806,동대문구 장안동 300-0
장영당길 공영주차장(구3동),노외 주차장,193.0,,400.0,True,37.57002,127.05467,동대문구 답십리동 484-7
장위1동동방고개공영주차장,노외 주차장,66.0,300.0,300.0,False,37.6162,127.05086,성북구 장위동 230-110
장위전통시장 공영주차장,노외 주차장,18.0,300.0,300.0,False,37.6162,127.05086,성북구 장위동 68-130
장지동공영(체비지),노외 주차장,101.0,,400.0,True,37.48434,127.12246,송파구 문정동 2-6
장충 공영주차장,노외 주차장,118.0,300.0,300.0,False,37.5541467,127.0002445,중구 장충동2가 193-39
전통시장주차장(영등포동제1),노외 주차장,34.0,300.0,300.0,False,37.52125,126.91222,영등포구 영등포동2가 230-0
정릉시장,노외 주차장,20.0,300.0,300.0,False,37.61654,126.99794,성북구 정릉동 405-4
정릉시장공영주차장,노외 주차장,20.0,300.0,300.0,False,37.61654,126.99794,성북구 정릉동 405-4
정릉천복개 공영주차장,노외 주차장,143.0,,400.0,True,37.58465,127.03678,동대문구 제기동 271-50
제방도로 공영주차장,노상 주차장,4.0,240.0,240.0,False,37.4945849,126.8845477,구로구 구로동 69-5
조원동 제1공영주차장,노외 주차장,108.0,500.0,500.0,False,37.4868971,126.928177,관악구 신림동 571-6
조원동제2공영,노상 주차장,8.0,,400.0,True,37.4868971,126.928177,관악구 신림동 1675-7
종각,노상 주차장,2.0,1000.0,1000.0,False,37.5687846,126.9857059,종로구 관철동 45-9
종묘주차장 공영주차장,노외 주차장,1317.0,800.0,800.0,False,37.57150398,126.99496888,종로구 훈정동 2-0
주공12단지상가뒤,노상 주차장,2.0,,400.0,True,37.66727,127.07242,노원구 상계동 647-1
주공5단지옆,노상 주차장,3.0,,400.0,True,37.64802,127.07678,노원구 중계동 359-16
주공6단지상가주변,노상 주차장,2.0,,400.0,True,37.66727,127.07242,노원구 상계동 723-2
주공7단지옆,노상 주차장,1.0,,400.0,True,37.66727,127.07242,노원구 상계동 693-5
주양쇼핑앞 노상주차장,노상 주차장,1.0,500.0,500.0,False,37.54841,127.15158,강동구 명일동 51-1
주양쇼핑옆 노상주차장,노상 주차장,1.0,500.0,500.0,False,37.54841,127.15158,강동구 명일동 47-21
중계4동 임시공영주차장,노외 주차장,39.0,300.0,300.0,False,37.64802,127.07678,노원구 중계동 606-2
중계근린공원공영주차장,노외 주차장,122.0,500.0,500.0,False,37.64802,127.07678,노원구 중계동 507-0
중곡3동공영주차장,노외 주차장,162.0,300.0,300.0,False,37.56286,127.08921,광진구 중곡동 195-1
중곡시장주차장,노외 주차장,19.0,,400.0,True,37.56286,127.08921,광진구 중곡동 221-6
중곡초교,노외 주차장,140.0,200.0,200.0,False,37.58178,127.09034,중랑구 면목동 380-0
중구구민회관 부설,노외 주차장,71.0,500.0,500.0,False,37.56719,127.00646,중구 을지로6가 18-14
중구종합복지센터 공영주차장,노외 주차장,84.0,500.0,500.0,False,37.5651969,127.01322,중구 신당동 160-2
중림종합복지센터 부설주차장),노외 주차장,95.0,500.0,500.0,False,37.5567609,126.9663037,중구 중림동 155-1
중마루공원앞,노상 주차장,23.0,1000.0,1000.0,False,37.52125,126.91222,영등포구 영등포동2가 53-0
중마루공원앞 노상주차장,노상 주차장,3.0,500.0,500.0,False,37.52125,126.91222,영등포구 영등포동2가 222-0
중산공영주차장,노외 주차장,58.0,,400.0,True,37.57002,127.05467,동대문구 답십리동 23-3
중앙로공영주차빌딩,노외 주차장,50.0,300.0,300.0,False,37.4798789,126.9939103,서초구 방배동 977-17
중화1동공영주차장,노외 주차장,130.0,200.0,200.0,False,37.59755,127.07783,중랑구 중화동 29-2
진주아파트 옆 노상주차장,노상 주차장,1.0,1000.0,1000.0,False,37.5267088,126.9238,영등포구 여의도동 54-4
진흥로 공영주차장,노상 주차장,14.0,400.0,400.0,False,37.60134935,126.92020205,은평구 역촌동 41-8
창1동 1공영주차장,노외 주차장,42.0,200.0,200.0,False,37.64643,127.04326,도봉구 창동 657-37
창2동 4공영주차장,노외 주차장,82.0,200.0,200.0,False,37.64643,127.04326,도봉구 창동 582-22
창2동4공영주차장,노외 주차장,82.0,200.0,200.0,False,37.64643,127.04326,도봉구 창동 582-22
창3동 1공영주차장,노외 주차장,80.0,200.0,200.0,False,37.64643,127.04326,도봉구 창동 504-21
창동역 구청별관주차장,노상 주차장,1.0,,400.0,True,37.64643,127.04326,도봉구 창동 5-1
창동역(서) 공영주차장,노외 주차장,107.0,520.0,520.0,False,37.65237042,127.04567683,도봉구 창동 330-0
창신1동공영주차장(창일공영),노외 주차장,86.0,,400.0,True,37.57595,127.01313,종로구 창신동 82-0
창천중교 공영주차장,노외 주차장,280.0,400.0,400.0,False,37.553881,126.937312,마포구 노고산동 33-1
천마 공영주차장,노외 주차장,141.0,100.0,100.0,False,37.49803,127.15167,송파구 마천동 1-5
천마(건축물식),노외 주차장,141.0,,400.0,True,37.49803,127.15167,송파구 마천동 1-5
천왕역 공영주차장,노외 주차장,325.0,340.0,340.0,False,37.48728845,126.83918316,구로구 오류동 174-10
천호1동 주차장,노외 주차장,188.0,300.0,300.0,False,37.54294,127.12733,강동구 천호동 87-26
천호2동노외주차장,노외 주차장,13.0,500.0,500.0,False,37.54294,127.12733,강동구 천호동 457-7
천호2동제2,노상 주차장,1.0,,400.0,True,37.54294,127.12733,강동구 천호동 431-2
천호3동 제2공영주차장,노외 주차장,185.0,300.0,300.0,False,37.54294,127.12733,강동구 천호동 174-1
천호3동 주차장,노외 주차장,187.0,300.0,300.0,False,37.54294,127.12733,강동구 천호동 167-195
천호3동제2 주차장,노외 주차장,183.0,300.0,300.0,False,37.54294,127.12733,강동구 천호동 174-1
천호역 공영주차장,노외 주차장,1431.0,520.0,520.0,False,37.53849749,127.12512853,강동구 천호동 455-0
천호유수지 주차장,노외 주차장,168.0,300.0,300.0,False,37.54294,127.12733,강동구 천호동 329-0
청계5가 공영주차장,노상 주차장,29.0,1500.0,1500.0,False,37.569558765,127.008434745,중구 을지로6가 17-442 0
청계7가 공영주차장,노상 주차장,42.0,900.0,900.0,False,37.57167001,127.01971298,종로구 창신동 436-87
청계산 청룡주차장,노외 주차장,41.0,200.0,200.0,False,37.44505,127.05985,서초구 신원동 224-3
청계주차장,노외 주차장,122.0,500.0,500.0,False,37.57616,127.03476,동대문구 용두동 129-4
청구 공영주차장,노외 주차장,51.0,600.0,600.0,False,37.5651969,127.01322,중구 신당동 330-17
청구건영아파트옆,노상 주차장,1.0,,400.0,True,37.64802,127.07678,노원구 중계동 360-4
청기와 유료 주차장,노상 주차장,5.0,500.0,500.0,False,37.5550711,126.9238244,마포구 서교동 479-4
청기와노상공영주차장,노상 주차장,1.0,500.0,500.0,False,37.5550711,126.9238244,마포구 서교동 458-12
청량리동 노외주차장,노외 주차장,26.0,,400.0,True,37.5882073,127.0462518,동대문구 청량리동 51-4
청파동1마을공원공영주차장,노외 주차장,105.0,300.0,300.0,False,37.5430014,126.9666002,용산구 청파동3가 118-102
청파동청사,노외 주차장,34.0,300.0,300.0,False,37.54655,126.96675,용산구 청파동2가 91-1
초동 공영주차장,노외 주차장,73.0,800.0,800.0,False,37.56431,126.99195,중구 초동 64-11
초안산근린공원주차장,노외 주차장,71.0,300.0,300.0,False,37.64643,127.04326,도봉구 창동 24-0
초안산꽃동산공영주차장,노외 주차장,15.0,200.0,200.0,False,37.64643,127.04326,도봉구 창동 441-5
충현동 제1공영주차장,노외 주차장,63.0,300.0,300.0,False,37.56423,126.96346,서대문구 충정로2가 78-13
큰마을길,노상 주차장,8.0,400.0,400.0,False,37.628995,127.0257543,강북구 미아동 309-14
탄천,노외 주차장,859.0,,400.0,True,37.5122807,127.0855986,송파구 잠실동 1082-1
탄천제2호 공영주차장,노외 주차장,322.0,200.0,200.0,False,37.48754,127.08705,강남구 일원동 4-49
태양빌딩앞 노상주차장,노상 주차장,3.0,1000.0,1000.0,False,37.5267088,126.9238,영등포구 여의도동 4-4
태화관,노상 주차장,1.0,1000.0,1000.0,False,37.5716543,126.9864242,종로구 인사동 194-27
테헤란로26길,노상 주차장,1.0,1600.0,1600.0,False,37.49988,127.03856,강남구 역삼동 803-8
테헤란로64길,노상 주차장,1.0,1600.0,1600.0,False,37.49882,127.06566,강남구 대치동 1011-19
테헤란로69길 노상공영 주차장,노상 주차장,1.0,800.0,800.0,False,37.5147838,127.0543618,강남구 삼성동 172-99
파리공원,노상 주차장,1.0,300.0,300.0,False,37.53608,126.87585,양천구 목동 906-1
파미에(반포천) 주차장,노외 주차장,1186.0,880.0,880.0,False,37.504517,127.007933,서초구 반포동 118-3
포이초교 공영주차장,노외 주차장,189.0,400.0,400.0,False,37.48421,127.07006,강남구 개포동 1273-0
풍납1,노외 주차장,46.0,100.0,100.0,False,37.53387,127.11094,송파구 풍납동 154-0
풍납2,노외 주차장,80.0,100.0,100.0,False,37.53387,127.11094,송파구 풍납동 175-0
풍납유수지,노외 주차장,234.0,500.0,500.0,False,37.49672,127.11744,송파구 가락동 387-0
필동 공영주차장,노외 주차장,47.0,400.0,400.0,False,37.5581985,126.9966383,중구 필동3가 62-12
하늘 공영주차장,노외 주차장,30.0,,400.0,True,37.5162407,126.8521196,양천구 신정동 323-33
하늘공원주차장,노외 주차장,198.0,300.0,300.0,False,37.4838745,126.8889756,구로구 가리봉동 1-11
하왕십리(건물) 공영주차장,노외 주차장,96.0,200.0,200.0,False,37.55783,127.03571,성동구 행당동 347-3
학여울 공영주차장,노외 주차장,180.0,520.0,520.0,False,37.49705092,127.07239543,강남구 대치동 514-1
한강진역 공영주차장,노외 주차장,174.0,800.0,800.0,False,37.53952176,127.00257963,용산구 한남동 728-27
한국거래소앞 노상주차장,노상 주차장,7.0,1000.0,1000.0,False,37.5267088,126.9238,영등포구 여의도동 3-3
한국통신,노상 주차장,7.0,500.0,500.0,False,37.53608,126.87585,양천구 목동 924-1
한남동 공영주차장,노외 주차장,248.0,500.0,500.0,False,37.53822,127.0074,용산구 한남동 685-46
한남유수지공영주차장,노외 주차장,124.0,500.0,500.0,False,37.53822,127.0074,용산구 한남동 522-44
한누리,노외 주차장,45.0,300.0,300.0,False,37.4856963,126.9723525,동작구 사당동 1046-1
한두공영주차장,노외 주차장,39.0,100.0,100.0,False,37.53608,126.87585,양천구 목동 610-5
한마음 공영주차장,노외 주차장,553.0,,400.0,True,37.53608,126.87585,양천구 목동 914-5
한마음주차장,노외 주차장,553.0,300.0,300.0,False,37.53608,126.87585,양천구 목동 914-5
한문화공영주차장,노외 주차장,71.0,200.0,200.0,False,37.6421169,126.9354305,은평구 진관동 125-12
한서 공영주차장,노외 주차장,63.0,166.66666666666669,166.66666666666669,False,37.54914,126.94915,마포구 염리동 24-170
한신동성아파트옆,노상 주차장,2.0,,400.0,True,37.63793,127.07251,노원구 하계동 256-7
한울주차장,노외 주차장,21.0,200.0,200.0,False,37.52782,126.83692,양천구 신월동 957-10
한전 뒷길 노상주차장,노상 주차장,2.0,,400.0,True,37.5162407,126.8521196,양천구 신정동 319-25
한진해운 앞 노상주차장,노상 주차장,1.0,1000.0,1000.0,False,37.5267088,126.9238,영등포구 여의도동 2-3
해군본부앞 공영주차장,노상 주차장,23.0,400.0,400.0,False,37.50434092,126.92099226,영등포구 신길동 812-0
해맞이공영주차장,노외 주차장,250.0,100.0,100.0,False,37.52782,126.83692,양천구 신월동 987-0
행운동제1공영주차장,노외 주차장,78.0,300.0,300.0,False,37.484665,126.9484961,관악구 봉천동 1677-10
행운동제1공영주차장(舊 봉천6동 까치공영주차장),노외 주차장,79.0,300.0,300.0,False,37.484665,126.9484961,관악구 봉천동 1677-10
헌릉로745길,노상 주차장,15.0,1200.0,1200.0,False,37.4714,127.1113,강남구 율현동 101-10
현대41타워옆 노상공영주차장,노상 주차장,1.0,,400.0,True,37.53608,126.87585,양천구 목동 917-2
호성빌딩 앞 노상주차장,노상 주차장,1.0,1000.0,1000.0,False,37.5267088,126.9238,영등포구 여의도동 4-4
홍우빌딩 앞 노상주차장,노상 주차장,4.0,1000.0,1000.0,False,37.5267088,126.9238,영등포구 여의도동 4-3
홍은 1동 제4 공영 주차장,노외 주차장,105.0,100.0,100.0,False,37.59296,126.93733,서대문구 홍은동 11-23
홍은1동 제1공영주차장,노외 주차장,12.0,300.0,300.0,False,37.59296,126.93733,서대문구 홍은동 9-164
홍은1동 제4공영주차장,노외 주차장,49.0,300.0,300.0,False,37.59296,126.93733,서대문구 홍은동 11-23
홍은2동 제1공영주차장,노외 주차장,3.0,300.0,300.0,False,37.59296,126.93733,서대문구 홍은동 410-44
홍은2동 제3공영주차장,노외 주차장,54.0,300.0,300.0,False,37.59296,126.93733,서대문구 홍은동 265-26
홍익동(건물) 공영주차장,노외 주차장,83.0,,400.0,True,37.5660138,127.0327281,성동구 홍익동 252-0
홍제견인보관소,노외 주차장,75.0,500.0,500.0,False,37.5871,126.94676,서대문구 홍제동 294-84
화곡 8-1 공영주차장,노외 주차장,53.0,100.0,100.0,False,37.54208,126.84656,강서구 화곡동 410-60
화곡1-2 공영주차장,노외 주차장,9.0,,400.0,True,37.54208,126.84656,강서구 화곡동 366-47
화곡1동 달구지길,노상 주차장,1.0,500.0,500.0,False,37.54208,126.84656,강서구 화곡동 361-1
화곡2-1 공영주차장,노외 주차장,58.0,,400.0,True,37.54208,126.84656,강서구 화곡동 167-10
화곡2동 배다리동길,노상 주차장,1.0,400.0,400.0,False,37.54208,126.84656,강서구 화곡동 881-14
화곡4-1 공영주차장,노외 주차장,203.0,100.0,100.0,False,37.54208,126.84656,강서구 화곡동 809-26
화곡4동 배다리동길,노상 주차장,1.0,400.0,400.0,False,37.54208,126.84656,강서구 화곡동 842-11
화곡5-1 공영주차장,노외 주차장,26.0,,400.0,True,37.54208,126.84656,강서구 화곡동 1030-33
화곡5-2 공영주차장,노외 주차장,27.0,,400.0,True,37.54208,126.84656,강서구 화곡동 1056-2
화곡5-3 공영주차장,노외 주차장,13.0,,400.0,True,37.54208,126.84656,강서구 화곡동 1060-18
화곡6-1 공영주차장,노외 주차장,293.0,,400.0,True,37.54208,126.84656,강서구 화곡동 1103-6
화곡6동 방죽길,노상 주차장,1.0,500.0,500.0,False,37.54208,126.84656,강서구 화곡동 1112-1
화곡6동 신학대길,노상 주차장,12.0,500.0,500.0,False,37.54208,126.84656,강서구 화곡동 980-19
화곡7-1 공영주차장,노외 주차장,86.0,,400.0,True,37.54208,126.84656,강서구 화곡동 370-63
화곡8-1 공영주차장,노외 주차장,59.0,,400.0,True,37.54208,126.84656,강서구 화곡동 410-60
화곡8-2 공영주차장,노외 주차장,109.0,,400.0,True,37.54208,126.84656,강서구 화곡동 410-4
화곡8동 배다리동길,노상 주차장,9.0,400.0,400.0,False,37.54208,126.84656,강서구 화곡동 890-0
화곡본-1 공영주차장,노외 주차장,98.0,,400.0,True,37.54208,126.84656,강서구 화곡동 56-127
화곡본-2 공영주차장,노외 주차장,100.0,,400.0,True,37.54208,126.84656,강서구 화곡동 46-127
화양동 공영,노외 주차장,44.0,300.0,300.0,False,37.54408,127.06895,광진구 화양동 63-2
화양동공영주차장,노외 주차장,44.0,400.0,400.0,False,37.54408,127.06895,광진구 화양동 63-2
회기동 공영주차장,노외 주차장,100.0,500.0,500.0,False,37.59433,127.05178,동대문구 회기동 1-1
효봉공영주차장,노외 주차장,69.0,130.0,130.0,False,37.4507049,126.9085555,금천구 시흥동 3-129
효자 공영주차장,노외 주차장,23.0,600.0,600.0,False,37.58247,126.97168,종로구 효자동 68-1
후암동주차장,노외 주차장,39.0,300.0,300.0,False,37.55011,126.98028,용산구 후암동 65-4
훈련원공원 공영주차장,노외 주차장,873.0,1100.0,1100.0,False,37.56740014,127.00352062,중구 을지로5가 40-3
휘경마을 공영주차장,노외 주차장,78.0,500.0,500.0,False,37.58773,127.06526,동대문구 휘경동 308-32
휘경유수지,노외 주차장,53.0,500.0,500.0,False,37.58773,127.06526,동대문구 휘경동 7-18
휘경유수지 공영주차장,노외 주차장,55.0,500.0,500.0,False,37.58773,127.06526,동대문구 휘경동 348-0
흑석빗물펌프장공영주차장,노외 주차장,45.0,380.0,380.0,False,37.5064393,126.963687,동작구 흑석동 105-0
